{
    "rmse": 0.6910291179484981,
    "mae": 0.5432519162502323,
    "r2": 0.2721822254950782
}